Rk,Player,Nation,Pos,Squad,Age,Born,MP,Starts,Min,90s,Gls,Ast,G-PK,PK,PKatt,CrdY,CrdR,Gls,Ast,G+A,G-PK,G+A-PK,Matches
1,Michaela Abam\86a01c81,cm CMR,FW,Dash,23,1997,7,0,69,0.8,1,0,1,0,0,0,0,1.30,0.00,1.30,1.30,1.30,Matches
2,Lindsay Agnew\13a319fa,ca CAN,FW,Courage,25,1995,1,0,6,0.1,0,0,0,0,0,0,0,0.00,0.00,0.00,0.00,0.00,Matches
3,Michelle Alozie\b03e80f6,ng NGA,FW,Dash,23,1997,4,0,117,1.3,0,0,0,0,0,2,0,0.00,0.00,0.00,0.00,0.00,Matches
4,Angelina\49d6d4a8,br BRA,MFFW,Reign,21,2000,16,4,482,5.4,0,0,0,0,0,4,0,0.00,0.00,0.00,0.00,0.00,Matches
5,Chinyelu Asher\b859a598,jm JAM,DF,Spirit,27,1993,2,1,72,0.8,0,0,0,0,0,0,0,0.00,0.00,0.00,0.00,0.00,Matches
6,Julia Ashley\d9bb5833,us USA,DF,Louisville,24,1996,15,6,654,7.3,0,0,0,0,0,1,0,0.00,0.00,0.00,0.00,0.00,Matches
7,Taylor Aylmer\9768ff7b,,MF,Spirit,,,7,1,245,2.7,1,1,1,0,0,1,0,0.37,0.37,0.73,0.37,0.73,Matches
8,Dorian Bailey\1b15d6a3,us USA,MF,Spirit,24,1997,20,16,1489,16.5,0,0,0,0,0,1,0,0.00,0.00,0.00,0.00,0.00,Matches
9,Rylee Baisden\54f9201c,us USA,FW,Courage,26,1994,3,0,37,0.4,0,0,0,0,0,0,0,0.00,0.00,0.00,0.00,0.00,Matches
10,Bethany Balcer\0d502444,us USA,FW,Reign,23,1997,23,13,1185,13.2,9,0,9,0,0,3,0,0.68,0.00,0.68,0.68,0.68,Matches
11,Elizabeth Ball\eea3655d,us USA,DF,Kansas City,25,1995,16,16,1361,15.1,1,0,1,0,0,5,1,0.07,0.00,0.07,0.07,0.07,Matches
12,Karen Bardsley\7c903a2d,eng ENG,GK,Reign,36,1984,3,3,265,2.9,0,0,0,0,0,0,0,0.00,0.00,0.00,0.00,0.00,Matches
13,Lauren Barnes\380c9205,us USA,DF,Reign,31,1989,21,20,1788,19.9,0,0,0,0,0,3,0,0.00,0.00,0.00,0.00,0.00,Matches
14,Nicole Barnhart\ad0f455b,us USA,GK,Kansas City,39,1981,6,5,461,5.1,0,0,0,0,0,0,0,0.00,0.00,0.00,0.00,0.00,Matches
15,Jorian Baucom\eae2b0a1,us USA,FW,Louisville,24,1996,12,3,402,4.5,0,0,0,0,0,2,0,0.00,0.00,0.00,0.00,0.00,Matches
16,Hannah Betfort\130c8e6e,us USA,DF,Thorns,21,1999,1,0,2,0.0,0,0,0,0,0,0,0,0.00,0.00,0.00,0.00,0.00,Matches
17,Michelle Betos\9e11e21d,us USA,GK,Louisville,32,1988,20,20,1800,20.0,0,0,0,0,0,0,0,0.00,0.00,0.00,0.00,0.00,Matches
18,Camryn Biegalski\76828205,us USA,DF,Spirit,22,1998,9,2,198,2.2,0,0,0,0,0,0,0,0.00,0.00,0.00,0.00,0.00,Matches
19,Bella Bixby\73eb19a8,us USA,GK,Thorns,25,1995,16,16,1440,16.0,0,0,0,0,0,0,0,0.00,0.00,0.00,0.00,0.00,Matches
20,Deneisha Blackwood\930d5a13,jm JAM,DF,Dash,23,1997,1,0,7,0.1,0,0,0,0,0,0,0,0.00,0.00,0.00,0.00,0.00,Matches
21,Aubrey Bledsoe\020eaa4d,us USA,GK,Spirit,29,1991,22,22,1980,22.0,0,0,0,0,0,1,0,0.00,0.00,0.00,0.00,0.00,Matches
22,Gemma Bonner\488a84df,eng ENG,DF,Louisville,29,1991,13,13,1155,12.8,0,0,0,0,0,2,0,0.00,0.00,0.00,0.00,0.00,Matches
23,Sarah Bouhaddi\a6a9dbe0,fr FRA,GK,Reign,34,1986,19,19,1687,18.7,0,0,0,0,0,0,1,0.00,0.00,0.00,0.00,0.00,Matches
24,Celeste Boureille\9fb7f4cb,us USA,MF,Thorns,26,1994,12,7,650,7.2,0,0,0,0,0,0,0,0.00,0.00,0.00,0.00,0.00,Matches
25,Katie Bowen\aae0d96d,nz NZL,MFDF,Kansas City,26,1994,17,14,1193,13.3,0,2,0,0,0,0,0,0.00,0.15,0.15,0.00,0.15,Matches
26,Emily Boyd\a08ec16b,us USA,GK,Red Stars,24,1996,1,1,90,1.0,0,0,0,0,0,1,0,0.00,0.00,0.00,0.00,0.00,Matches
27,Amber Brooks\f9f76078,us USA,DF,Reign,30,1991,11,2,328,3.6,0,0,0,0,0,2,0,0.00,0.00,0.00,0.00,0.00,Matches
28,Diane Caldwell\b4a17233,ie IRL,DF,Courage,32,1988,7,7,602,6.7,0,0,0,0,0,1,0,0.00,0.00,0.00,0.00,0.00,Matches
29,Jane Campbell\c40fd1ac,us USA,GK,Dash,25,1995,18,18,1620,18.0,0,0,0,0,0,0,0,0.00,0.00,0.00,0.00,0.00,Matches
30,Allysha Chapman\afcbf4d8,ca CAN,DF,Dash,32,1989,16,16,1407,15.6,0,1,0,0,0,2,0,0.00,0.06,0.06,0.00,0.06,Matches
31,Simone Charley\78400c25,us USA,FW,Thorns,25,1995,19,11,957,10.6,5,0,5,0,0,1,0,0.47,0.00,0.47,0.47,0.47,Matches
32,Danielle Colaprico\24478b0c,us USA,MF,Red Stars,27,1993,15,9,890,9.9,0,0,0,0,0,3,1,0.00,0.00,0.00,0.00,0.00,Matches
33,Alana Cook\7ca7c385,us USA,DF,Reign,23,1997,19,19,1710,19.0,0,0,0,0,0,2,0,0.00,0.00,0.00,0.00,0.00,Matches
34,Rachel Corsie\49fd636f,sct SCO,DF,Kansas City,31,1989,18,17,1441,16.0,0,0,0,0,0,0,0,0.00,0.00,0.00,0.00,0.00,Matches
35,Stephanie Cox\88032c64,us USA,DF,Reign,34,1986,3,1,135,1.5,0,0,0,0,0,1,0,0.00,0.00,0.00,0.00,0.00,Matches
36,Shirley Cruz\69a5c1ae,cr CRC,MF,Reign,35,1985,12,5,429,4.8,2,0,2,0,0,2,0,0.42,0.00,0.42,0.42,0.42,Matches
37,Jennifer Cudjoe\e9bd1db2,gh GHA,MF,Gotham FC,26,1994,14,9,812,9.0,0,0,0,0,0,2,0,0.00,0.00,0.00,0.00,0.00,Matches
38,Abby Dahlkemper\52b58405,us USA,DF,Dash,27,1993,8,8,720,8.0,0,0,0,0,0,0,0,0.00,0.00,0.00,0.00,0.00,Matches
39,Rachel Daly\7fa35ec9,eng ENG,FW,Dash,29,1991,15,15,1350,15.0,9,0,8,1,1,3,0,0.60,0.00,0.60,0.53,0.53,Matches
40,Tierna Davidson\543614ff,us USA,DF,Red Stars,22,1998,17,17,1485,16.5,0,0,0,0,0,0,0,0.00,0.00,0.00,0.00,0.00,Matches
41,Debinha\85cea0cf,br BRA,MF,Courage,29,1991,18,18,1530,17.0,3,2,3,0,0,0,0,0.18,0.12,0.29,0.18,0.29,Matches
42,Schuyler DeBree\f0aeff93,us USA,FW,Courage,24,1996,2,0,14,0.2,0,0,0,0,0,1,0,0.00,0.00,0.00,0.00,0.00,Matches
43,Ella Dederick\b6e16071,us USA,GK,Reign,24,1996,3,1,113,1.3,0,0,0,0,0,0,0,0.00,0.00,0.00,0.00,0.00,Matches
44,Kate Del Fava\8cfb97f5,us USA,DFFW,Kansas City,22,1998,9,3,397,4.4,0,0,0,0,0,0,0,0.00,0.00,0.00,0.00,0.00,Matches
45,Amanda Dennis\6071b9cc,us USA,GK,Dash,22,1998,1,1,90,1.0,0,0,0,0,0,0,0,0.00,0.00,0.00,0.00,0.00,Matches
46,Hannah Diaz\d50b31a8,us USA,FW,Dash,24,1996,2,0,48,0.5,0,0,0,0,0,0,0,0.00,0.00,0.00,0.00,0.00,Matches
47,Vanessa DiBernardo\e940a089,us USA,MFFW,Red Stars,28,1992,18,15,1333,14.8,0,0,0,0,0,0,0,0.00,0.00,0.00,0.00,0.00,Matches
48,Jordan DiBiasi\7858f8fd,us USA,MF,Spirit,24,1996,3,0,76,0.8,0,0,0,0,0,0,0,0.00,0.00,0.00,0.00,0.00,Matches
49,Makenzy Doniak\2d4436d1,us USA,FW,Red Stars,26,1994,17,7,602,6.7,3,0,3,0,0,0,0,0.45,0.00,0.45,0.45,0.45,Matches
50,Imani Dorsey\92f8713a,us USA,DF,Gotham FC,24,1996,15,13,1193,13.3,0,0,0,0,0,4,0,0.00,0.00,0.00,0.00,0.00,Matches
51,Meggie Dougherty Howard\173bcb80,us USA,MF,Pride,25,1995,21,15,1247,13.9,0,1,0,0,0,5,0,0.00,0.07,0.07,0.00,0.07,Matches
52,Crystal Dunn\a20c6459,us USA,MFFW,Thorns,28,1992,15,12,1071,11.9,1,2,1,0,0,1,0,0.08,0.17,0.25,0.08,0.25,Matches
53,Caprice Dydasco\c4f44958,us USA,DFMF,Gotham FC,27,1993,24,23,2070,23.0,1,5,1,0,0,3,0,0.04,0.22,0.26,0.04,0.26,Matches
54,Elizabeth Eddy\9002f1a5,us USA,DFMF,Gotham FC,29,1991,17,5,569,6.3,0,1,0,0,0,0,0,0.00,0.16,0.16,0.00,0.16,Matches
55,Kristen Edmonds\1e3c5371,us USA,DFMF,Kansas City,33,1987,21,21,1713,19.0,1,0,0,1,1,2,0,0.05,0.00,0.05,0.00,0.00,Matches
56,Emily van Egmond\6e9716f6,au AUS,MF,Pride,27,1993,2,0,60,0.7,0,0,0,0,0,0,0,0.00,0.00,0.00,0.00,0.00,Matches
57,Emina Ekic\8a985938,us USA,MF,Louisville,21,1999,15,3,428,4.8,1,1,1,0,0,1,0,0.21,0.21,0.42,0.21,0.42,Matches
58,Abby Erceg\c34e49ab,nz NZL,DF,Courage,31,1989,20,20,1800,20.0,1,0,1,0,0,2,0,0.05,0.00,0.05,0.05,0.05,Matches
59,Julie Ertz\e8079363,us USA,MF,Red Stars,28,1992,1,1,28,0.3,0,0,0,0,0,0,0,0.00,0.00,0.00,0.00,0.00,Matches
60,Marissa Everett\56d6c719,us USA,MF,Thorns,23,1997,10,6,523,5.8,2,0,2,0,0,1,0,0.34,0.00,0.34,0.34,0.34,Matches
61,Jamia Fields\ad856f64,us USA,DF,Dash,27,1993,8,4,410,4.6,0,0,0,0,0,2,0,0.00,0.00,0.00,0.00,0.00,Matches
62,Jess Fishlock\11cfa9d6,wls WAL,MF,Reign,34,1987,23,21,1797,20.0,5,4,5,0,1,1,0,0.25,0.20,0.45,0.25,0.45,Matches
63,Kendall Fletcher\1a89c2bd,us USA,DFMF,Courage,36,1984,1,0,3,0.0,0,0,0,0,0,0,0,0.00,0.00,0.00,0.00,0.00,Matches
64,Sabrina Flores\e43b277b,us USA,DF,Gotham FC,25,1996,5,3,201,2.2,0,0,0,0,0,0,0,0.00,0.00,0.00,0.00,0.00,Matches
65,Emily Fox\2eb9f54a,us USA,DF,Louisville,22,1998,23,22,1852,20.6,0,0,0,0,0,1,0,0.00,0.00,0.00,0.00,0.00,Matches
66,Adrianna Franch\2d2234cf,us USA,GK,Kansas City,30,1990,8,8,720,8.0,0,0,0,0,0,0,0,0.00,0.00,0.00,0.00,0.00,Matches
67,Adrianna Franch\2d2234cf,us USA,GK,Thorns,30,1990,7,7,630,7.0,0,0,0,0,0,0,0,0.00,0.00,0.00,0.00,0.00,Matches
68,Mandy Freeman\ee5355a7,us USA,DF,Gotham FC,25,1995,10,8,713,7.9,0,0,0,0,0,1,0,0.00,0.00,0.00,0.00,0.00,Matches
69,Morgan Gautrat\f44c4259,us USA,MF,Red Stars,27,1993,21,21,1803,20.0,2,1,0,2,2,3,0,0.10,0.05,0.15,0.00,0.05,Matches
70,Machaela George\f11bfc17,,DF,Reign,,,2,0,10,0.1,0,0,0,0,0,0,0,0.00,0.00,0.00,0.00,0.00,Matches
71,Makamae Gomera-Stevens\876c8ede,,FW,Dash,,,13,4,423,4.7,0,1,0,0,0,1,0,0.00,0.21,0.21,0.00,0.21,Matches
72,Zoey Goralski\754c7614,us USA,MF,Red Stars,26,1995,1,0,29,0.3,0,0,0,0,0,0,0,0.00,0.00,0.00,0.00,0.00,Matches
73,Sarah Gorden\c6122e4b,us USA,DF,Red Stars,28,1992,24,24,2160,24.0,0,0,0,0,0,1,0,0.00,0.00,0.00,0.00,0.00,Matches
74,Shea Groom\ee96ceb8,us USA,MF,Dash,27,1993,24,21,1679,18.7,3,2,3,0,0,5,0,0.16,0.11,0.27,0.16,0.27,Matches
75,Kristen Hamilton\93d9a391,us USA,MFFW,Courage,28,1992,10,5,510,5.7,1,0,1,0,0,1,0,0.18,0.00,0.18,0.18,0.18,Matches
76,Kristen Hamilton\93d9a391,us USA,FW,Kansas City,28,1992,14,13,1139,12.7,1,0,1,0,0,1,0,0.08,0.00,0.08,0.08,0.08,Matches
77,Madison Hammond\16368450,us USA,DF,Reign,23,1997,13,10,853,9.5,0,0,0,0,0,0,0,0.00,0.00,0.00,0.00,0.00,Matches
78,Haley Hanson\45cf25bf,us USA,DF,Dash,24,1996,22,21,1856,20.6,0,1,0,0,0,5,0,0.00,0.05,0.05,0.00,0.05,Matches
79,DiDi Haracic\42ecf0e8,ba BIH,GK,Gotham FC,28,1992,8,8,675,7.5,0,0,0,0,0,0,0,0.00,0.00,0.00,0.00,0.00,Matches
80,Ally Haran\d66d6128,ca CAN,DF,Pride,24,1996,2,0,19,0.2,0,0,0,0,0,0,0,0.00,0.00,0.00,0.00,0.00,Matches
81,Ashlyn Harris\4c7ad183,us USA,GK,Pride,35,1985,19,19,1686,18.7,0,0,0,0,0,1,0,0.00,0.00,0.00,0.00,0.00,Matches
82,Lindsey Harris\655d2b08,us USA,GK,Dash,27,1993,5,5,450,5.0,0,0,0,0,0,0,0,0.00,0.00,0.00,0.00,0.00,Matches
83,Ashley Hatch\d2de2f84,us USA,FWMF,Spirit,25,1995,20,18,1559,17.3,10,0,10,0,0,2,0,0.58,0.00,0.58,0.58,0.58,Matches
84,Kelcie Hedge\39281f0d,us USA,MF,Reign,23,1997,2,0,40,0.4,0,0,0,0,0,0,0,0.00,0.00,0.00,0.00,0.00,Matches
85,Anna Heilferty\b7dd09b9,us USA,DFMF,Spirit,21,1999,19,8,823,9.1,0,0,0,0,0,1,0,0.00,0.00,0.00,0.00,0.00,Matches
86,Brooke Hendrix\ab662bbc,us USA,DF,Louisville,27,1993,7,6,553,6.1,0,0,0,0,0,0,0,0.00,0.00,0.00,0.00,0.00,Matches
87,Allie Hess\51a87f25,,MF,Kansas City,,,1,0,8,0.1,0,0,0,0,0,0,0,0.00,0.00,0.00,0.00,0.00,Matches
88,Samantha Hiatt\14c10a5a,us USA,DF,Reign,23,1998,9,9,729,8.1,0,0,0,0,0,1,0,0.00,0.00,0.00,0.00,0.00,Matches
89,Rachel Hill\1d8b51dd,us USA,MFFW,Red Stars,25,1995,23,15,1317,14.6,3,0,3,0,0,0,0,0.21,0.00,0.21,0.21,0.21,Matches
90,Lindsey Horan\a8a538a8,us USA,MFFW,Thorns,26,1994,14,14,1153,12.8,2,3,2,0,0,4,0,0.16,0.23,0.39,0.16,0.39,Matches
91,Kelli Hubly\bc03c54d,us USA,DF,Thorns,26,1994,18,12,1165,12.9,0,0,0,0,0,1,0,0.00,0.00,0.00,0.00,0.00,Matches
92,Sofia Huerta\570faa60,us USA,DFMF,Reign,28,1992,23,22,2015,22.4,1,6,1,0,0,2,0,0.04,0.27,0.31,0.04,0.31,Matches
93,Tori Huster\3b1156ac,us USA,MFDF,Spirit,31,1989,20,15,1358,15.1,1,2,1,0,0,3,0,0.07,0.13,0.20,0.07,0.20,Matches
94,Natalie Jacobs\c942bc07,us USA,MF,Spirit,23,1997,4,1,170,1.9,0,1,0,0,0,0,0,0.00,0.53,0.53,0.00,0.53,Matches
95,Angharad James\6444e5a0,wls WAL,MF,Courage,26,1994,16,10,813,9.0,1,0,1,0,0,1,0,0.11,0.00,0.11,0.11,0.11,Matches
96,Darian Jenkins\5747f555,us USA,FWMF,Kansas City,26,1995,22,18,1425,15.8,3,0,3,0,0,1,0,0.19,0.00,0.19,0.19,0.19,Matches
97,Celia Jiménez\221e8e04,es ESP,DF,Reign,25,1995,12,9,704,7.8,0,1,0,0,0,3,0,0.00,0.13,0.13,0.00,0.13,Matches
98,Estelle Johnson\6c6d7d3b,cm CMR,DF,Gotham FC,32,1988,19,18,1662,18.5,0,1,0,0,0,1,0,0.00,0.05,0.05,0.00,0.05,Matches
99,Jaycie Johnson\81cca947,us USA,FW,Kansas City,25,1995,5,0,68,0.8,0,0,0,0,0,0,0,0.00,0.00,0.00,0.00,0.00,Matches
100,Katie Johnson\a1158ec2,mx MEX,MFFW,Red Stars,26,1994,23,9,886,9.8,1,1,1,0,0,1,0,0.10,0.10,0.20,0.10,0.20,Matches
101,Vanessa Kara\c4955f6c,do DOM,FW,Louisville,24,1996,1,0,5,0.1,0,0,0,0,0,0,0,0.00,0.00,0.00,0.00,0.00,Matches
102,Nahomi Kawasumi\05e20bac,jp JPN,MFFW,Gotham FC,35,1985,23,18,1500,16.7,1,4,1,0,0,1,0,0.06,0.24,0.30,0.06,0.30,Matches
103,Abi Kim\c5f5fc93,us USA,FW,Pride,22,1998,6,1,151,1.7,0,1,0,0,0,0,0,0.00,0.60,0.60,0.00,0.60,Matches
104,Tziarra King\679eda9b,us USA,FWMF,Reign,22,1998,15,7,650,7.2,1,1,1,0,0,2,0,0.14,0.14,0.28,0.14,0.28,Matches
105,Cecelia Kizer\8e2a7ac1,us USA,MFFW,Louisville,23,1997,22,22,1881,20.9,5,1,4,1,1,0,0,0.24,0.05,0.29,0.19,0.24,Matches
106,Meghan Klingenberg\22a2b293,us USA,DF,Thorns,32,1988,22,20,1645,18.3,0,3,0,0,0,1,0,0.00,0.16,0.16,0.00,0.16,Matches
107,Taylor Kornieck\9d2c6180,us USA,MF,Pride,22,1998,22,13,1293,14.4,2,3,2,0,0,1,0,0.14,0.21,0.35,0.14,0.35,Matches
108,Ali Krieger\21922d46,us USA,DF,Pride,36,1984,23,23,1965,21.8,0,2,0,0,0,2,0,0.00,0.09,0.09,0.00,0.09,Matches
109,Casey Krueger\ed06502e,us USA,DF,Red Stars,30,1990,16,16,1440,16.0,1,0,1,0,0,1,0,0.06,0.00,0.06,0.06,0.06,Matches
110,Natalia Kuikka\42325547,fi FIN,DF,Thorns,25,1995,19,14,1371,15.2,0,1,0,0,0,1,0,0.00,0.07,0.07,0.00,0.07,Matches
111,Kaleigh Kurtz\23b17daa,us USA,DF,Courage,23,1997,21,21,1890,21.0,0,1,0,0,0,1,0,0.00,0.05,0.05,0.00,0.05,Matches
112,Lo'eau LaBonta\e4ef9beb,us USA,MF,Kansas City,27,1993,19,17,1380,15.3,1,1,0,1,1,4,0,0.07,0.07,0.13,0.00,0.07,Matches
113,Mariana Larroquette\09411c68,ar ARG,FWMF,Kansas City,28,1992,19,8,655,7.3,2,1,2,0,0,1,0,0.27,0.14,0.41,0.27,0.41,Matches
114,Veronica Latsko\2c4a9c2f,us USA,FW,Dash,25,1995,22,14,1278,14.2,3,1,3,0,0,2,0,0.21,0.07,0.28,0.21,0.28,Matches
115,Rose Lavelle\dcd6a67e,us USA,MFFW,Reign,25,1995,11,11,930,10.3,1,1,1,0,0,0,0,0.10,0.10,0.19,0.10,0.19,Matches
116,Eugénie Le Sommer\1139a223,fr FRA,FWMF,Reign,31,1989,17,15,1210,13.4,7,3,7,0,0,2,0,0.52,0.22,0.74,0.52,0.74,Matches
117,Taylor Leach\7e23ee28,us USA,DFMF,Kansas City,29,1992,8,7,630,7.0,1,0,1,0,0,1,0,0.14,0.00,0.14,0.14,0.14,Matches
118,Sydney Leroux\7d7d1c00,us USA,MFFW,Pride,30,1990,23,23,2015,22.4,8,2,8,0,0,1,0,0.36,0.09,0.45,0.36,0.45,Matches
119,Sarah Leubbert\66b3643f,us USA,FW,Red Stars,23,1997,5,0,67,0.7,0,0,0,0,0,0,0,0.00,0.00,0.00,0.00,0.00,Matches
120,Gina Lewandowski\fd4f486f,us USA,DF,Gotham FC,35,1985,20,20,1767,19.6,0,0,0,0,0,1,0,0.00,0.00,0.00,0.00,0.00,Matches
121,Jordyn Listro\8717208c,ca CAN,MF,Kansas City,25,1995,7,1,227,2.5,0,0,0,0,0,1,0,0.00,0.00,0.00,0.00,0.00,Matches
122,Carli Lloyd\f9589b2d,us USA,FWMF,Gotham FC,38,1982,14,14,1238,13.8,4,1,3,1,1,3,0,0.29,0.07,0.36,0.22,0.29,Matches
123,Chloe Logarzo\40a0bec9,au AUS,MF,Kansas City,26,1994,6,0,177,2.0,0,0,0,0,0,0,0,0.00,0.00,0.00,0.00,0.00,Matches
124,Allie Long\ab2811ad,us USA,MF,Gotham FC,33,1987,23,23,2058,22.9,1,0,1,0,0,6,0,0.04,0.00,0.04,0.04,0.04,Matches
125,Jimena López\6a17de86,mx MEX,DF,Reign,22,1999,2,0,10,0.1,0,0,0,0,0,0,0,0.00,0.00,0.00,0.00,0.00,Matches
126,Katie Lund\e70a7484,us USA,GK,Louisville,24,1996,4,4,360,4.0,0,0,0,0,0,0,0,0.00,0.00,0.00,0.00,0.00,Matches
127,Tyler Lussi\bab2c5ab,us USA,FW,Thorns,26,1995,10,1,160,1.8,1,0,1,0,0,0,0,0.56,0.00,0.56,0.56,0.56,Matches
128,Hailie Mace\388948a7,us USA,FWDF,Kansas City,23,1997,13,10,823,9.1,1,1,1,0,0,1,0,0.11,0.11,0.22,0.11,0.22,Matches
129,Hailie Mace\388948a7,us USA,FW,Courage,23,1997,10,2,288,3.2,2,0,2,0,0,0,0,0.62,0.00,0.62,0.62,0.62,Matches
130,Michelle Maemone\981ae7b1,us USA,DF,Kansas City,23,1997,5,2,242,2.7,0,0,0,0,0,0,0,0.00,0.00,0.00,0.00,0.00,Matches
131,Dzsenifer Marozsán\dd841e78,de GER,MFFW,Reign,28,1992,19,16,1383,15.4,0,3,0,0,0,2,0,0.00,0.20,0.20,0.00,0.20,Matches
132,Marta\3857e361,br BRA,MFFW,Pride,34,1986,19,17,1585,17.6,4,3,3,1,1,2,0,0.23,0.17,0.40,0.17,0.34,Matches
133,Nealy Martin\b26a8c1f,us USA,DF,Louisville,22,1998,18,13,1290,14.3,0,0,0,0,0,2,0,0.00,0.00,0.00,0.00,0.00,Matches
134,Merritt Mathias\98d7b49e,us USA,DF,Courage,30,1990,22,22,1815,20.2,0,1,0,0,0,6,0,0.00,0.05,0.05,0.00,0.05,Matches
135,Cheyna Matthews\45755108,jm JAM,FWMF,Louisville,27,1993,17,4,437,4.9,1,0,1,0,0,3,0,0.21,0.00,0.21,0.21,0.21,Matches
136,Alyssa Mautz\7a8dbc0f,us USA,MFDF,Red Stars,31,1989,14,3,324,3.6,0,0,0,0,0,0,0,0.00,0.00,0.00,0.00,0.00,Matches
137,Addie McCain\0da5f5b6,,MFFW,Kansas City,,,15,9,859,9.5,0,0,0,0,0,3,0,0.00,0.00,0.00,0.00,0.00,Matches
138,Savannah McCaskill\8546d3ab,us USA,MF,Louisville,24,1996,23,22,1948,21.6,2,3,2,0,0,5,0,0.09,0.14,0.23,0.09,0.23,Matches
139,Phoebe McClernon\f02cb699,us USA,DF,Pride,23,1997,21,15,1416,15.7,0,1,0,0,0,3,0,0.00,0.06,0.06,0.00,0.06,Matches
140,Katie McClure\89fbca3f,us USA,MFFW,Louisville,22,1998,15,6,558,6.2,1,1,1,0,0,1,0,0.16,0.16,0.32,0.16,0.32,Matches
141,Jessica McDonald\2b512abc,us USA,FWMF,Courage,32,1988,21,19,1568,17.4,4,3,4,0,0,0,0,0.23,0.17,0.40,0.23,0.40,Matches
142,Amanda McGlynn\36355319,us USA,GK,Gotham FC,22,1998,1,0,45,0.5,0,0,0,0,0,0,0,0.00,0.00,0.00,0.00,0.00,Matches
143,Tegan McGrady\72927bcb,us USA,DF,Spirit,23,1997,13,8,780,8.7,0,0,0,0,0,0,0,0.00,0.00,0.00,0.00,0.00,Matches
144,Tara McKeown\2d8ec240,us USA,MFFW,Spirit,21,1999,20,11,950,10.6,1,3,1,0,0,0,0,0.09,0.28,0.38,0.09,0.38,Matches
145,Erin McLeod\0746d6c2,ca CAN,GK,Pride,37,1983,6,5,474,5.3,0,0,0,0,0,0,0,0.00,0.00,0.00,0.00,0.00,Matches
146,Kristen McNabb\7cb8a975,us USA,DF,Reign,26,1994,21,15,1392,15.5,1,0,1,0,0,3,0,0.06,0.00,0.06,0.06,0.06,Matches
147,Emily Menges\acbf23b6,us USA,DF,Thorns,28,1992,21,20,1749,19.4,0,1,0,0,0,0,0,0.00,0.05,0.05,0.00,0.05,Matches
148,Addisyn Merrick\8844d594,us USA,DF,Louisville,22,1998,3,0,57,0.6,0,0,0,0,0,0,0,0.00,0.00,0.00,0.00,0.00,Matches
149,Kristie Mewis\cd5e683b,us USA,MFFW,Dash,29,1991,16,16,1405,15.6,3,4,3,0,0,1,0,0.19,0.26,0.45,0.19,0.45,Matches
150,Sam Mewis\9faa1610,us USA,MF,Courage,28,1992,5,4,307,3.4,1,1,1,0,0,1,0,0.29,0.29,0.59,0.29,0.59,Matches
151,Tatumn Milazzo\db1957b4,,DF,Red Stars,,,11,7,666,7.4,1,0,1,0,0,0,0,0.14,0.00,0.14,0.14,0.14,Matches
152,Cassie Miller\6946f9d4,us USA,GK,Red Stars,25,1995,15,15,1350,15.0,0,0,0,0,0,0,0,0.00,0.00,0.00,0.00,0.00,Matches
153,Lauren Milliet\08569d75,us USA,MFFW,Louisville,24,1996,24,19,1457,16.2,0,0,0,0,0,0,0,0.00,0.00,0.00,0.00,0.00,Matches
154,Sinclaire Miramontez\29355aaf,us USA,MFDF,Louisville,22,1998,14,2,362,4.0,0,0,0,0,0,2,1,0.00,0.00,0.00,0.00,0.00,Matches
155,Sydney Miramontez\2051749e,us USA,DF,Kansas City,26,1994,1,0,1,0.0,0,0,0,0,0,0,0,0.00,0.00,0.00,0.00,0.00,Matches
156,Paige Monaghan\2625e415,us USA,FWMF,Gotham FC,24,1996,12,5,510,5.7,1,0,1,0,0,2,0,0.18,0.00,0.18,0.18,0.18,Matches
157,Alex Morgan\1a64f434,us USA,FW,Pride,31,1989,13,12,1110,12.3,5,2,5,0,2,1,0,0.41,0.16,0.57,0.41,0.57,Matches
158,Zoe Morse\981cf9db,us USA,DF,Red Stars,22,1998,1,0,8,0.1,0,0,0,0,0,0,0,0.00,0.00,0.00,0.00,0.00,Matches
159,Olivia Moultrie\3ee50ac6,,MF,Thorns,15,2005,9,3,269,3.0,0,1,0,0,0,2,0,0.00,0.33,0.33,0.00,0.33,Matches
160,Casey Murphy\493c384e,us USA,GK,Courage,24,1996,23,23,2070,23.0,0,0,0,0,0,0,0,0.00,0.00,0.00,0.00,0.00,Matches
161,Nadia Nadim\4f24c672,dk DEN,FWMF,Louisville,33,1988,8,7,570,6.3,3,1,3,0,0,2,0,0.47,0.16,0.63,0.47,0.63,Matches
162,Alyssa Naeher\4c1ee572,us USA,GK,Red Stars,32,1988,8,8,720,8.0,0,0,0,0,0,1,0,0.00,0.00,0.00,0.00,0.00,Matches
163,Yūki Nagasato\5b97f5ec,jp JPN,MF,Louisville,33,1987,21,18,1652,18.4,2,2,2,0,0,4,0,0.11,0.11,0.22,0.11,0.22,Matches
164,Christine Nairn\2a590b68,us USA,MF,Dash,30,1990,5,0,68,0.8,0,0,0,0,0,0,0,0.00,0.00,0.00,0.00,0.00,Matches
165,Meaghan Nally\4d1202ca,us USA,DF,Thorns,22,1998,3,0,22,0.2,0,0,0,0,0,0,0,0.00,0.00,0.00,0.00,0.00,Matches
166,Katie Naughton\fa5e9ae1,us USA,DF,Dash,26,1994,24,24,2160,24.0,3,0,3,0,0,2,0,0.12,0.00,0.12,0.12,0.12,Matches
167,Carly Nelson\e8b6acbb,,GK,Kansas City,,,1,1,90,1.0,0,0,0,0,0,0,0,0.00,0.00,0.00,0.00,0.00,Matches
168,Paige Nielsen\2a0f0a55,us USA,DF,Spirit,27,1993,16,13,1046,11.6,1,0,1,0,0,0,0,0.09,0.00,0.09,0.09,0.09,Matches
169,Maddie Nolf\bb31e506,us USA,DF,Kansas City,24,1996,4,2,178,2.0,0,0,0,0,0,0,0,0.00,0.00,0.00,0.00,0.00,Matches
170,Kelley O'Hara\5ebefe20,us USA,DF,Spirit,32,1988,14,12,1078,12.0,0,1,0,0,0,0,0,0.00,0.08,0.08,0.00,0.08,Matches
171,Denise O'Sullivan\2f3ffc2d,ie IRL,MF,Courage,26,1994,23,23,1957,21.7,0,0,0,0,0,2,0,0.00,0.00,0.00,0.00,0.00,Matches
172,Emily Ogle\d2a21f98,us USA,MF,Dash,24,1996,8,5,476,5.3,0,0,0,0,0,1,0,0.00,0.00,0.00,0.00,0.00,Matches
173,Freja Olofsson\6ce1049b,se SWE,MFDF,Louisville,22,1998,22,20,1708,19.0,0,0,0,0,0,0,0,0.00,0.00,0.00,0.00,0.00,Matches
174,Ifeoma Onumonu\6d1e0c6b,ng NGA,FW,Gotham FC,26,1994,24,21,1788,19.9,8,4,8,0,0,3,0,0.40,0.20,0.60,0.40,0.60,Matches
175,Taylor Otto\d4cf6b21,us USA,MF,Louisville,23,1997,9,3,368,4.1,0,0,0,0,0,0,0,0.00,0.00,0.00,0.00,0.00,Matches
176,Megan Oyster\8f11092f,us USA,DF,Dash,28,1992,21,17,1555,17.3,0,1,0,0,0,3,0,0.00,0.06,0.06,0.00,0.06,Matches
177,Courtney Petersen\05d6a62d,us USA,DF,Pride,23,1997,22,21,1875,20.8,1,4,1,0,0,2,0,0.05,0.19,0.24,0.05,0.24,Matches
178,Carson Pickett\61531e4e,us USA,DF,Courage,27,1993,24,24,2145,23.8,0,5,0,0,0,2,0,0.00,0.21,0.21,0.00,0.21,Matches
179,Kiara Pickett\938dc3a8,us USA,DF,Kansas City,21,1999,16,13,1246,13.8,0,0,0,0,0,5,0,0.00,0.00,0.00,0.00,0.00,Matches
180,Victoria Pickett\28197d4c,ca CAN,MF,Kansas City,24,1996,19,16,1500,16.7,1,0,1,0,0,1,0,0.06,0.00,0.06,0.06,0.06,Matches
181,Brianna Pinto\57045f36,us USA,MF,Gotham FC,20,2000,10,0,204,2.3,0,0,0,0,0,0,0,0.00,0.00,0.00,0.00,0.00,Matches
182,Konya Plummer\cb4727f2,jm JAM,DF,Pride,23,1997,3,0,55,0.6,0,0,0,0,0,0,0,0.00,0.00,0.00,0.00,0.00,Matches
183,Madison Pogarch\78d285e6,us USA,DF,Thorns,23,1997,15,1,294,3.3,0,0,0,0,0,1,0,0.00,0.00,0.00,0.00,0.00,Matches
184,Taylor Porter\3fd67fb6,us USA,MF,Thorns,23,1997,1,0,1,0.0,0,0,0,0,0,0,0,0.00,0.00,0.00,0.00,0.00,Matches
185,Toni Pressley\3d2972d6,us USA,DF,Pride,30,1990,11,4,430,4.8,0,0,0,0,0,0,0,0.00,0.00,0.00,0.00,0.00,Matches
186,Nichelle Prince\9c06c97c,ca CAN,FWMF,Dash,25,1995,16,16,1413,15.7,2,3,2,0,0,3,0,0.13,0.19,0.32,0.13,0.32,Matches
187,Ally Prisock\fb42a249,us USA,DF,Dash,24,1997,6,5,382,4.2,0,0,0,0,0,2,0,0.00,0.00,0.00,0.00,0.00,Matches
188,Cami Privett\484c8938,us USA,MF,Dash,27,1993,1,0,11,0.1,0,0,0,0,0,0,0,0.00,0.00,0.00,0.00,0.00,Matches
189,Leah Pruitt\6b0e56d4,us USA,FW,Reign,23,1997,11,3,345,3.8,0,0,0,0,0,0,0,0.00,0.00,0.00,0.00,0.00,Matches
190,Mallory Pugh\70b0fd86,us USA,MFFW,Red Stars,22,1998,23,22,1933,21.5,4,4,4,0,0,1,0,0.19,0.19,0.37,0.19,0.37,Matches
191,Margaret Purce\c94c70bc,us USA,FWMF,Gotham FC,25,1995,17,17,1380,15.3,9,1,8,1,1,4,0,0.59,0.07,0.65,0.52,0.59,Matches
192,Quinn\beede7f7,ca CAN,MF,Reign,25,1995,12,8,724,8.0,0,0,0,0,0,0,0,0.00,0.00,0.00,0.00,0.00,Matches
193,Andrea Rán Hauksdóttir\01e11f77,is ISL,MF,Dash,25,1996,1,0,10,0.1,0,0,0,0,0,0,0,0.00,0.00,0.00,0.00,0.00,Matches
194,Megan Rapinoe\8b7ddf10,us USA,FWMF,Reign,35,1985,11,8,724,8.0,6,2,2,4,4,0,0,0.75,0.25,0.99,0.25,0.50,Matches
195,Brittany Ratcliffe\34603a7a,us USA,MFFW,Courage,26,1994,12,2,260,2.9,1,0,1,0,0,0,0,0.35,0.00,0.35,0.35,0.35,Matches
196,Domi Richardson\0c294f61,us USA,DFMF,Gotham FC,28,1992,7,0,136,1.5,1,0,1,0,0,0,0,0.66,0.00,0.66,0.66,0.66,Matches
197,Kaleigh Riehl\c99616d8,us USA,DFMF,Louisville,24,1996,21,19,1684,18.7,0,0,0,0,0,3,0,0.00,0.00,0.00,0.00,0.00,Matches
198,Ali Riley\c65fc5cf,nz NZL,DF,Pride,33,1987,20,18,1550,17.2,0,0,0,0,0,2,0,0.00,0.00,0.00,0.00,0.00,Matches
199,Parker Roberts\303cf6f1,us USA,MF,Pride,23,1997,2,0,23,0.3,0,0,0,0,0,0,0,0.00,0.00,0.00,0.00,0.00,Matches
200,Cari Roccaro\56f16bc7,us USA,MFFW,Courage,26,1994,23,10,975,10.8,0,0,0,0,0,3,0,0.00,0.00,0.00,0.00,0.00,Matches
201,Julia Roddar\917838ed,se SWE,MFDF,Spirit,28,1992,14,8,680,7.6,1,1,1,0,0,2,0,0.13,0.13,0.26,0.13,0.26,Matches
202,Trinity Rodman\5c975b9a,us USA,MFFW,Spirit,18,2002,22,19,1722,19.1,6,5,6,0,0,4,0,0.31,0.26,0.57,0.31,0.57,Matches
203,Amy Rodriguez\3bc75a1a,us USA,MFFW,Courage,33,1987,14,11,906,10.1,3,0,2,1,1,1,0,0.30,0.00,0.30,0.20,0.20,Matches
204,Amy Rodriguez\3bc75a1a,us USA,FW,Kansas City,33,1987,10,9,798,8.9,2,0,2,0,0,0,0,0.23,0.00,0.23,0.23,0.23,Matches
205,Karina Rodriguez\da039d06,mx MEX,DF,Spirit,21,1999,4,0,34,0.4,0,0,0,0,0,0,0,0.00,0.00,0.00,0.00,0.00,Matches
206,Raquel Rodríguez\362b4969,cr CRC,MF,Thorns,27,1993,22,19,1721,19.1,2,2,1,1,2,2,0,0.10,0.10,0.21,0.05,0.16,Matches
207,Maegan Rosa\1f3379cf,ca CAN,FW,Dash,28,1992,4,2,109,1.2,0,0,0,0,0,0,0,0.00,0.00,0.00,0.00,0.00,Matches
208,Katelyn Rowland\01ec0220,us USA,GK,Kansas City,26,1994,4,4,360,4.0,0,0,0,0,0,0,0,0.00,0.00,0.00,0.00,0.00,Matches
209,Katelyn Rowland\01ec0220,us USA,GK,Courage,26,1994,1,1,90,1.0,0,0,0,0,0,0,0,0.00,0.00,0.00,0.00,0.00,Matches
210,Yazmeen Ryan\22502cce,us USA,MF,Thorns,21,1999,10,1,280,3.1,0,0,0,0,0,2,0,0.00,0.00,0.00,0.00,0.00,Matches
211,Angela Salem\3ad6a01a,us USA,MF,Thorns,32,1988,23,21,1774,19.7,2,1,2,0,0,2,0,0.10,0.05,0.15,0.10,0.15,Matches
212,Ebony Salmon\63667d66,eng ENG,FW,Louisville,20,2001,20,14,1236,13.7,6,1,6,0,0,2,0,0.44,0.07,0.51,0.44,0.51,Matches
213,Ashley Sanchez\9ced946b,us USA,MFFW,Spirit,21,1999,22,21,1816,20.2,4,0,4,0,0,2,0,0.20,0.00,0.20,0.20,0.20,Matches
214,Maria Sanchez\bd325738,mx MEX,FW,Dash,24,1996,3,2,169,1.9,1,0,1,0,0,0,0,0.53,0.00,0.53,0.53,0.53,Matches
215,Becky Sauerbrunn\d2612e86,us USA,DFMF,Thorns,35,1985,16,15,1325,14.7,0,0,0,0,0,2,0,0.00,0.00,0.00,0.00,0.00,Matches
216,Sophie Schmidt\e8f90dc9,ca CAN,MF,Dash,32,1988,18,17,1401,15.6,0,2,0,0,0,2,0,0.00,0.13,0.13,0.00,0.13,Matches
217,Desiree Scott\38c57ecb,ca CAN,MFDF,Kansas City,33,1987,12,11,904,10.0,0,0,0,0,0,0,0,0.00,0.00,0.00,0.00,0.00,Matches
218,Gabby Seiler\51b6c880,us USA,MF,Dash,26,1994,24,15,1462,16.2,2,0,2,0,0,3,0,0.12,0.00,0.12,0.12,0.12,Matches
219,Kayla Sharples\0ba36ee8,us USA,DF,Red Stars,23,1997,14,12,1079,12.0,0,0,0,0,0,1,0,0.00,0.00,0.00,0.00,0.00,Matches
220,Delanie Sheehan\ef032510,us USA,FW,Gotham FC,22,1999,6,2,260,2.9,0,1,0,0,0,0,0,0.00,0.35,0.35,0.00,0.35,Matches
221,Kailen Sheridan\46b237d3,ca CAN,GK,Gotham FC,25,1995,16,16,1440,16.0,0,0,0,0,0,1,0,0.00,0.00,0.00,0.00,0.00,Matches
222,Jéssica Silva\cd6a0894,pt POR,FWMF,Kansas City,26,1994,14,5,551,6.1,0,2,0,0,0,1,0,0.00,0.33,0.33,0.00,0.33,Matches
223,Erin Simon\99b8bc28,us USA,DF,Louisville,26,1994,21,18,1342,14.9,0,0,0,0,0,1,0,0.00,0.00,0.00,0.00,0.00,Matches
224,Christine Sinclair\8d7667f4,ca CAN,FWMF,Thorns,37,1983,15,15,1234,13.7,5,1,3,2,4,0,0,0.36,0.07,0.44,0.22,0.29,Matches
225,Erica Skroski\f365adb4,us USA,DF,Gotham FC,26,1994,11,7,565,6.3,0,0,0,0,0,1,0,0.00,0.00,0.00,0.00,0.00,Matches
226,Abby Smith\947d22fb,us USA,GK,Kansas City,27,1993,6,6,529,5.9,0,0,0,0,0,0,0,0.00,0.00,0.00,0.00,0.00,Matches
227,Sophia Smith\a4568174,us USA,FWMF,Thorns,20,2000,21,16,1435,15.9,7,1,7,0,0,1,0,0.44,0.06,0.50,0.44,0.50,Matches
228,Taylor Smith\97f414ac,us USA,MF,Courage,27,1993,12,1,225,2.5,0,1,0,0,0,0,0,0.00,0.40,0.40,0.00,0.40,Matches
229,Lee So-dam\af9a233a,kr KOR,MF,Gotham FC,26,1994,14,5,571,6.3,0,0,0,0,0,2,0,0.00,0.00,0.00,0.00,0.00,Matches
230,Havana Solaun\0b5d0282,jm JAM,MF,Courage,27,1993,19,14,1247,13.9,1,0,1,0,0,2,1,0.07,0.00,0.07,0.07,0.07,Matches
231,Emily Sonnett\08acd418,us USA,DF,Spirit,27,1993,15,14,1261,14.0,0,0,0,0,0,0,0,0.00,0.00,0.00,0.00,0.00,Matches
232,Meredith Speck\3ed16dcd,us USA,MF,Courage,27,1993,18,8,848,9.4,3,1,3,0,0,1,0,0.32,0.11,0.42,0.32,0.42,Matches
233,Mariana Speckmaier\ce77fcdb,ve VEN,FW,Spirit,23,1997,3,0,96,1.1,0,0,0,0,0,0,0,0.00,0.00,0.00,0.00,0.00,Matches
234,Jasmyne Spencer\504f99ae,us USA,FWDF,Dash,30,1990,18,9,876,9.7,1,0,1,0,0,2,0,0.10,0.00,0.10,0.10,0.10,Matches
235,Bianca St Georges\271e0873,ca CAN,DF,Red Stars,23,1997,3,1,160,1.8,0,0,0,0,0,2,2,0.00,0.00,0.00,0.00,0.00,Matches
236,Samantha Staab\9b763275,us USA,DF,Spirit,23,1997,22,22,1893,21.0,1,1,1,0,0,1,1,0.05,0.05,0.10,0.05,0.10,Matches
237,Nikki Stanton\ff322b25,us USA,MF,Red Stars,30,1990,13,1,172,1.9,0,0,0,0,0,0,0,0.00,0.00,0.00,0.00,0.00,Matches
238,Katie Stengel\78078a19,us USA,FW,Dash,28,1992,1,0,9,0.1,0,0,0,0,0,0,0,0.00,0.00,0.00,0.00,0.00,Matches
239,Ella Stevens\268a4e22,us USA,MF,Red Stars,23,1997,5,0,61,0.7,0,0,0,0,0,0,0,0.00,0.00,0.00,0.00,0.00,Matches
240,Kylie Strom\7f140cb9,us USA,DF,Pride,28,1992,9,4,351,3.9,0,0,0,0,0,3,0,0.00,0.00,0.00,0.00,0.00,Matches
241,Raisa Strom-Okimoto\9ece0fc4,us USA,FW,Thorns,23,1997,1,0,1,0.0,0,0,0,0,0,0,0,0.00,0.00,0.00,0.00,0.00,Matches
242,Andi Sullivan\7e19bccd,us USA,MF,Spirit,25,1995,19,19,1640,18.2,2,3,0,2,2,4,1,0.11,0.16,0.27,0.00,0.16,Matches
243,Saori Takarada\602ba0c3,jp JPN,MFDF,Spirit,21,1999,8,6,392,4.4,0,0,0,0,0,0,0,0.00,0.00,0.00,0.00,0.00,Matches
244,Jodie Taylor\dc02c40a,eng ENG,FWMF,Pride,34,1986,13,13,951,10.6,3,1,3,0,0,3,0,0.28,0.09,0.38,0.28,0.38,Matches
245,Gaëtane Thiney\8a91b0e9,fr FRA,MFFW,Gotham FC,35,1985,12,8,575,6.4,2,0,2,0,0,1,0,0.31,0.00,0.31,0.31,0.31,Matches
246,Crystal Thomas\c45765e1,us USA,MF,Pride,27,1994,9,3,306,3.4,0,0,0,0,0,0,0,0.00,0.00,0.00,0.00,0.00,Matches
247,Phallon Tullis-Joyce\3cbb2e2c,us USA,GK,Reign,24,1996,1,0,2,0.0,0,0,0,0,0,0,0,0.00,0.00,0.00,0.00,0.00,Matches
248,Amy Turner\a21edf38,eng ENG,DF,Pride,29,1991,14,12,1105,12.3,0,0,0,0,0,4,0,0.00,0.00,0.00,0.00,0.00,Matches
249,Erika Tymrak\8443ab57,us USA,MF,Pride,29,1991,20,6,587,6.5,2,1,2,0,0,1,0,0.31,0.15,0.46,0.31,0.46,Matches
250,Michele Vasconcelos\64a66c52,us USA,MF,Kansas City,26,1994,10,3,449,5.0,0,0,0,0,0,0,0,0.00,0.00,0.00,0.00,0.00,Matches
251,Evelyne Viens\5805fc7c,ca CAN,FW,Gotham FC,23,1997,13,3,319,3.5,0,3,0,0,0,1,0,0.00,0.85,0.85,0.00,0.85,Matches
252,Marisa Viggiano\2021c04f,us USA,MF,Pride,23,1997,21,14,1231,13.7,1,0,1,0,0,3,0,0.07,0.00,0.07,0.07,0.07,Matches
253,Gaby Vincent\33c8836b,us USA,MF,Kansas City,23,1997,16,11,974,10.8,0,0,0,0,0,1,0,0.00,0.00,0.00,0.00,0.00,Matches
254,Brianna Visalli\bbdfa558,us USA,FWMF,Dash,25,1995,16,9,730,8.1,2,1,2,0,0,2,0,0.25,0.12,0.37,0.25,0.37,Matches
255,Chelsee Washington\1a283251,us USA,MFFW,Pride,23,1997,10,2,211,2.3,0,0,0,0,0,0,0,0.00,0.00,0.00,0.00,0.00,Matches
256,Ally Watt\56d5fb23,us USA,FW,Reign,23,1997,4,0,35,0.4,0,0,0,0,0,0,0,0.00,0.00,0.00,0.00,0.00,Matches
257,Kealia Watt\0524b8ce,us USA,FWMF,Red Stars,29,1992,24,22,1889,21.0,5,4,5,0,0,4,0,0.24,0.19,0.43,0.24,0.43,Matches
258,Dani Weatherholt\442d8200,us USA,MF,Reign,26,1994,19,11,1029,11.4,0,1,0,0,0,0,0,0.00,0.09,0.09,0.00,0.09,Matches
259,Morgan Weaver\a244d14b,us USA,FW,Thorns,23,1997,19,12,1112,12.4,1,3,1,0,0,0,0,0.08,0.24,0.32,0.08,0.32,Matches
260,Mallory Weber\c80112bf,us USA,DFMF,Kansas City,26,1994,19,14,1239,13.8,0,1,0,0,0,4,0,0.00,0.07,0.07,0.00,0.07,Matches
261,Christen Westphal\274666f1,us USA,DF,Thorns,27,1993,15,10,786,8.7,0,0,0,0,0,0,0,0.00,0.00,0.00,0.00,0.00,Matches
262,Rosie White\3d580186,nz NZL,MF,Reign,27,1993,1,1,45,0.5,0,0,0,0,0,0,0,0.00,0.00,0.00,0.00,0.00,Matches
263,Lynn Williams\0ac84745,us USA,FW,Courage,27,1993,17,17,1484,16.5,7,2,7,0,1,1,0,0.42,0.12,0.55,0.42,0.55,Matches
264,Ryan Williams\787e8bfd,us USA,MFDF,Courage,24,1996,17,2,354,3.9,0,2,0,0,0,1,0,0.00,0.51,0.51,0.00,0.51,Matches
265,Sarah Woldmoe\fc112dbc,us USA,MF,Red Stars,28,1992,21,19,1664,18.5,2,0,2,0,0,2,0,0.11,0.00,0.11,0.11,0.11,Matches
266,Arin Wright\2b0527c9,us USA,DF,Red Stars,28,1992,20,19,1566,17.4,0,1,0,0,0,2,0,0.00,0.06,0.06,0.00,0.06,Matches
267,Kumi Yokoyama\54c9617f,jp JPN,FWMF,Spirit,27,1993,12,5,297,3.3,0,0,0,0,0,0,0,0.00,0.00,0.00,0.00,0.00,Matches
268,Gunnhildur Yrsa Jónsdóttir\7115d595,is ISL,MF,Pride,32,1988,24,24,2064,22.9,1,1,1,0,0,3,0,0.04,0.04,0.09,0.04,0.09,Matches
269,McCall Zerboni\19ade833,us USA,MF,Gotham FC,34,1986,20,18,1509,16.8,1,1,1,0,0,1,0,0.06,0.06,0.12,0.06,0.12,Matches#